{
  "main": {
    "id": "a12c4f9a55f516af",
    "type": "split",
    "children": [
      {
        "id": "e2fef2e8bfbf6d76",
        "type": "tabs",
        "children": [
          {
            "id": "194fadd60cb59929",
            "type": "leaf",
            "state": {
              "type": "empty",
              "state": {},
              "icon": "lucide-file",
              "title": "New tab"
            }
          }
        ]
      }
    ],
    "direction": "vertical"
  },
  "left": {
    "id": "ea83d5e197708e76",
    "type": "split",
    "children": [
      {
        "id": "33fdd9dd5a4a9982",
        "type": "tabs",
        "children": [
          {
            "id": "38521c9e39edad5e",
            "type": "leaf",
            "state": {
              "type": "file-explorer",
              "state": {
                "sortOrder": "alphabetical",
                "autoReveal": false
              },
              "icon": "lucide-folder-closed",
              "title": "Files"
            }
          },
          {
            "id": "a85d1052a6e01a88",
            "type": "leaf",
            "state": {
              "type": "search",
              "state": {
                "query": "",
                "matchingCase": false,
                "explainSearch": false,
                "collapseAll": false,
                "extraContext": false,
                "sortOrder": "alphabetical"
              },
              "icon": "lucide-search",
              "title": "Search"
            }
          },
          {
            "id": "c26e62de61320c82",
            "type": "leaf",
            "state": {
              "type": "bookmarks",
              "state": {},
              "icon": "lucide-bookmark",
              "title": "Bookmarks"
            }
          }
        ]
      }
    ],
    "direction": "horizontal",
    "width": 300
  },
  "right": {
    "id": "e801c76fef237a45",
    "type": "split",
    "children": [
      {
        "id": "c56f26e571cd5155",
        "type": "tabs",
        "children": [
          {
            "id": "66f372746f01818c",
            "type": "leaf",
            "state": {
              "type": "backlink",
              "state": {
                "file": "Untitled.md",
                "collapseAll": false,
                "extraContext": false,
                "sortOrder": "alphabetical",
                "showSearch": false,
                "searchQuery": "",
                "backlinkCollapsed": false,
                "unlinkedCollapsed": true
              },
              "icon": "links-coming-in",
              "title": "Backlinks for Untitled"
            }
          },
          {
            "id": "75b318a7a243c125",
            "type": "leaf",
            "state": {
              "type": "outgoing-link",
              "state": {
                "file": "Untitled.md",
                "linksCollapsed": false,
                "unlinkedCollapsed": true
              },
              "icon": "links-going-out",
              "title": "Outgoing links from Untitled"
            }
          },
          {
            "id": "c2f6653bbfc82545",
            "type": "leaf",
            "state": {
              "type": "tag",
              "state": {
                "sortOrder": "frequency",
                "useHierarchy": true,
                "showSearch": false,
                "searchQuery": ""
              },
              "icon": "lucide-tags",
              "title": "Tags"
            }
          },
          {
            "id": "721a9c2fb97b25aa",
            "type": "leaf",
            "state": {
              "type": "outline",
              "state": {
                "file": "Untitled.md",
                "followCursor": false,
                "showSearch": false,
                "searchQuery": ""
              },
              "icon": "lucide-list",
              "title": "Outline of Untitled"
            }
          }
        ]
      }
    ],
    "direction": "horizontal",
    "width": 300,
    "collapsed": true
  },
  "left-ribbon": {
    "hiddenItems": {
      "switcher:Open quick switcher": false,
      "graph:Open graph view": false,
      "canvas:Create new canvas": false,
      "daily-notes:Open today's daily note": false,
      "templates:Insert template": false,
      "command-palette:Open command palette": false
    }
  },
  "active": "194fadd60cb59929",
  "lastOpenFiles": [
    "6 - Notes/README.md",
    "1 - Entries/USC Bovard Scholars.md",
    "1 - Entries/SSP.md",
    "1 - Entries/RSI.md",
    "1 - Entries/PROMYS.md",
    "1 - Entries/NSLI-Y.md",
    "1 - Entries/NASA SEES.md",
    "1 - Entries/MITES.md",
    "1 - Entries/Mathroots.md",
    "1 - Entries/LLRISE.md",
    "1 - Entries/LEDA Scholars.md",
    "1 - Entries/CMU SAMS.md",
    "1 - Entries/CMU CS Scholars.md",
    "1 - Entries/CMU AI Scholars.md",
    "6 - Notes/Initial Braindump for REDI.md",
    "1 - Entries/Yale Young Global Scholars (YYGS).md",
    "6 - Notes/Status Tags.md",
    "2 - Tags/Rural Education Drought Irrigation.md",
    "5 - Templates/Main Note.md",
    "6 - Notes",
    "Zettlekasten.md",
    "5 - Templates",
    "4 - Kits",
    "1 - Entries/1.1 Entry Photos",
    "3 - Indexes",
    "2 - Tags",
    "1 - Entries",
    "Welcome.md",
    "create a link.md"
  ]
}